{"count":1,"self":9684.0228864,"total":26024.50465,"children":{"InitializeActuators":{"count":146,"self":0.140532,"total":0.140532,"children":null},"InitializeSensors":{"count":146,"self":1.1325749999999999,"total":1.1325749999999999,"children":null},"AgentSendState":{"count":309630,"self":1164.3060223999998,"total":1791.2328049999999,"children":{"CollectObservations":{"count":42495,"self":11.8560064,"total":11.856005999999999,"children":null},"WriteActionMask":{"count":42495,"self":3.395278,"total":3.395278,"children":null},"RequestDecision":{"count":42495,"self":5.2589559999999995,"total":611.675511,"children":{"AgentInfo.ToProto":{"count":42495,"self":7.0186128,"total":606.416555,"children":{"GenerateSensorData":{"count":42495,"self":510.06300159999995,"total":599.397942,"children":{"RayPerceptionSensor.Perceive":{"count":637425,"self":89.334944,"total":89.334947,"children":null}}}}}}}}},"DecideAction":{"count":309630,"self":14481.260543999999,"total":14481.26046,"children":null},"AgentAct":{"count":309630,"self":61.829177599999994,"total":61.829179999999994,"children":null},"AgentInfo.ToProto":{"count":312,"self":0.065299,"total":4.880722,"children":{"GenerateSensorData":{"count":312,"self":4.3842951999999995,"total":4.815423,"children":{"RayPerceptionSensor.Perceive":{"count":4680,"self":0.43112799999999996,"total":0.43112799999999996,"children":null}}}}}},"gauges":{"Sniper.CumulativeReward":{"count":81,"max":0.4,"min":0,"runningAverage":0.11481481,"value":0.4,"weightedAverage":0.1794267},"DodgeBall.CumulativeReward":{"count":93,"max":0.3,"min":0,"runningAverage":0.03978494,"value":0,"weightedAverage":0.008886804}},"metadata":{"timer_format_version":"0.1.0","start_time_seconds":"1699646861","unity_version":"2020.2.6f1","command_line_arguments":"\/home\/ezhao\/code\/Rllib-Unity-MARL\/compiled_scenes\/Large_WPM_Obs_Dense\/Large_WPM_Obs_Dense.x86_64 -nographics -batchmode --mlagents-port 5018","communication_protocol_version":"1.5.0","com.unity.ml-agents_version":"2.1.0-exp.1","scene_name":"Large_WPM_Obs_Dense","end_time_seconds":"1699672883"}}